{
  "Logging": {
    "LogLevel": {
      "Default": "Warning",
      "Microsoft": "Warning",
      "Microsoft.Hosting.Lifetime": "Warning"
    }
  },
  "WebRoot": null,
  "Port": 5200,
  "OpenBrowser": true,
  "UseSsl": false,
  "DefaultFiles": "index.html,default.htm,default.html",
  "LiveReloadEnabled": true,
  "RazorEnabled":  false, 
  "ShowUrls":  true, 
  "LiveReload": {
    "LiveReloadEnabled": true,
    "ClientFileExtensions": ".cshtml,.css,.js,.htm,.html,.ts",
    "ServerRefreshTimeout": 200,
    "WebSocketUrl": "/__livereload"
  }
}
